Workbook

Sheet Backlog
A1: REQUISITO | B1: TEMA | C1: COMO UN… | D1: NECESITO | E1: ASÍ PODRÉ… | F1: NOTAS | G1: PRIORIDAD | H1: ESTATUS
A2: REQ001 | B2: Autenticación de usuario | C2: Administrador y Cliente | D2: El programa debe tener una función para registrar y guardar datos de los clientes y administradores. | E2: Autenticar los datos del administrador/cliente para iniciar sesión o registrar. | F2: NA | G2: Alta | H2: Terminado
A3: REQ002 | B3: Administración de usuarios | C3: Administrador | D3: El programa debe permitir al administrador eliminar y editar datos de clientes. | E3: Organizar los datos de los clientes o eliminarlos en caso de inactividad. | F3: NA | G3: Media | H3: En proceso
A4: REQ003 | B4: Gestionar trenes | C4: Adminstrador | D4: El programa debe permitir al administrador crear, modificar o eliminar rutas planificadas de los trenes. | E4: Administrar los próximos movimientos de los trenes y cambiarlo en caso de eventualidades. | F4: NA | G4: Alta | H4: En proceso
A5: REQ004 | B5: Gestionar horarios | C5: Administrador | D5: El programa debe permitir que el administrador organice los horarios de los trenes. | E5: Organizar los horarios de los trenes, permitiendo editar o eliminar un viaje en caso de retrasos o problemas de los trenes | F5: NA | G5: Alta | H5: En proceso
A6: REQ005 | B6: Gestionar reservas | C6: Cliente | D6: El programa debe permitir que el cliente pueda hacer reservas de boletos, consultar su estado y cancelarlo de ser necesrio. | E6: Ver los horarios de trenes mas convenientes, consultar su estado y cancelarlo con su respectiva anticipación. | F6: NA | G6: Alta | H6: En proceso
A7: REQ006 | B7: Gestionar reportes | C7: Administrador | D7: El programa debe permitir que el administrador pueda generar los reportes del sistemade forma general o por reportes filtrados. | E7: Ver los reportes del sistema, para una mejor información del movimiento de los trenes. | F7: NA | G7: Media | H7: En proceso

Sheet sprint0
B2: =Backlog!A1 -> REQUISITO | C2: =Backlog!B1 -> TEMA | D2: =Backlog!C1 -> COMO UN… | E2: =Backlog!D1 -> NECESITO | F2: =Backlog!E1 -> ASÍ PODRÉ… | G2: =Backlog!F1 -> NOTAS | H2: =Backlog!G1 -> PRIORIDAD | I2: =Backlog!H1 -> ESTATUS
B4: =Backlog!A2 -> REQ001 | C4: =Backlog!B2 -> Autenticación de usuario | D4: =Backlog!C2 -> Administrador y Cliente | E4: =Backlog!D2 -> El programa debe tener una función para registrar y guardar datos de los clientes y administradores. | F4: =Backlog!E2 -> Autenticar los datos del administrador/cliente para iniciar sesión o registrar. | G4: =Backlog!F2 -> NA | H4: =Backlog!G2 -> Alta | I4: Finalizado
C5: Tareas | G5: Asignado | I5: Estimado
B6: REQ001-1 | C6: Enlazar el código con mongoDB. | G6: Daniela Narváez | I6: 1
B7: REQ001-2 | C7: Crear el registro de usuario. | I7: 2
B8: REQ001-3 | C8: Validar datos | I8: 4
B9: REQ001-4 | C9: Elaborar una interfaz gráfica para el registro e inicio de sesión con datos ya validados. | I9: 4
B10: REQ001-5 | C10: Crear el controlador para validar los datos de la interfaz | I10: 3
B12: =Backlog!A3 -> REQ002 | C12: =Backlog!B3 -> Administración de usuarios | D12: =Backlog!C3 -> Administrador | E12: =Backlog!D3 -> El programa debe permitir al administrador eliminar y editar datos de clientes. | F12: =Backlog!E3 -> Organizar los datos de los clientes o eliminarlos en caso de inactividad. | G12: =Backlog!F3 -> NA | H12: =Backlog!G3 -> Media | I12: =Backlog!H3 -> En proceso
C13: Tareas | G13: Asignado | I13: Estimado
B14: REQ002-1 | C14: Un CRUD para el rol administrador | G14: Daniela Narváez | I14: 4
B16: =Backlog!A4 -> REQ003 | C16: =Backlog!B4 -> Gestionar trenes | D16: =Backlog!C4 -> Adminstrador | E16: =Backlog!D4 -> El programa debe permitir al administrador crear, modificar o eliminar rutas planificadas de los trenes. | F16: =Backlog!E4 -> Administrar los próximos movimientos de los trenes y cambiarlo en caso de eventualidades. | G16: =Backlog!F4 -> NA | H16: =Backlog!G4 -> Alta | I16: Pendiente
C17: Tareas | G17: Asignado | I17: Estimado
B18: REQ003-1 | C18: Crear un registro de trenes | G18: Mateo Unda | I18: 2
B19: REQ003-2 | C19: Elaborar una interzar gráfica que cree, modifique y elimine rutas y trenes | I19: 4
B20: REQ003-3 | C20: Desarrollar un controlador para la interfaz gráfica | I20: 4
B22: =Backlog!A5 -> REQ004 | C22: =Backlog!B5 -> Gestionar horarios | D22: =Backlog!C5 -> Administrador | E22: =Backlog!D5 -> El programa debe permitir que el administrador organice los horarios de los trenes. | F22: =Backlog!E5 -> Organizar los horarios de los trenes, permitiendo editar o eliminar un viaje en caso de retrasos o problemas de los trenes | G22: =Backlog!F5 -> NA | H22: =Backlog!G5 -> Alta | I22: =Backlog!H5 -> En proceso
C23: Tareas | G23: Asignado | I23: Estimado
B24: REQ004-1 | C24: Implementar servivio de calendarización | G24: Anthony Vilaña | I24: 3
B25: REQ004-2 | C25: Elaborar una interzar gráfica que cree, modifique y elimine horarios | I25: 2
B26: REQ004-3 | C26: Desarrollar un controlador para la interfaz gráfica | I26: 3
B28: =Backlog!A6 -> REQ005 | C28: =Backlog!B6 -> Gestionar reservas | D28: =Backlog!C6 -> Cliente | E28: =Backlog!D6 -> El programa debe permitir que el cliente pueda hacer reservas de boletos, consultar su estado y cancelarlo de ser necesrio. | F28: =Backlog!E6 -> Ver los horarios de trenes mas convenientes, consultar su estado y cancelarlo con su respectiva anticipación. | G28: =Backlog!F6 -> NA | H28: =Backlog!G6 -> Alta | I28: Pendiente
C29: Tareas | G29: Asignado | I29: Estimado
B30: REQ005-1 | C30: Implementar el servicio de gestión de reservas de clientes | G30: Anthony Vilaña | I30: 3
B31: REQ005-2 | C31: Elaborar una interfaz gráfica que enseñe al cliente el estado de su reserva | I31: 2
B32: REQ005-3 | C32: Desarrollar un controlador para la interfaz gráfica | I32: 3
B34: =Backlog!A7 -> REQ006 | C34: =Backlog!B7 -> Gestionar reportes | D34: =Backlog!C7 -> Administrador | E34: =Backlog!D7 -> El programa debe permitir que el administrador pueda generar los reportes del sistemade forma general o por reportes filtrados. | F34: =Backlog!E7 -> Ver los reportes del sistema, para una mejor información del movimiento de los trenes. | G34: =Backlog!F7 -> NA | H34: =Backlog!G7 -> Media | I34: Pendiente
C35: Tareas | G35: Asignado | I35: Estimado
B36: REQ006-1 | C36: Imprimir los trenes, horarios y reservas | G36: José Yánez | I36: 2
B37: REQ006-2 | C37: Crear una interfaz gráfica para los reportes | I37: 2
B38: REQ006-3 | C38: Desarrollar un controlador para la interfaz gráfica | I38: 2

Sheet burdonchart
C3: Estimado | D3: Dia 5 | E3: Dia 4 | F3: Dia 3 | G3: Dia 2 | H3: Dia 1 | I3: Total de Horas
B4: REQ001-1 | C4: 3 | D4: 0 | E4: 0 | F4: 0 | G4: 1 | H4: 2 | I4: =SUM(D4:H4) -> 3
B5: REQ001-2 | C5: 2 | D5: 0 | E5: 0 | F5: 0 | G5: 1 | H5: 1 | I5: =SUM(D5:H5) -> 2
B6: REQ001-3 | C6: 2 | D6: 0 | E6: 0 | F6: 0 | G6: 1 | H6: 1 | I6: =SUM(D6:H6) -> 2
B7: REQ002-1 | C7: 3 | D7: 0 | E7: 0 | F7: 1 | G7: 1 | H7: 1 | I7: =SUM(D7:H7) -> 3
B8: REQ002-2 | C8: 2 | D8: 0 | E8: 0 | F8: 2 | G8: 0 | H8: 0 | I8: =SUM(D8:H8) -> 2
B9: REQ002-3 | C9: 2 | D9: 0 | E9: 1 | F9: 1 | G9: 0 | H9: 0 | I9: =SUM(D9:H9) -> 2
B10: REQ003-1 | C10: 3 | D10: 0 | E10: 2 | F10: 1 | G10: 0 | H10: 0 | I10: =SUM(D10:H10) -> 3
B11: REQ003-2 | C11: 2 | D11: 0 | E11: 1 | F11: 1 | G11: 0 | H11: 0 | I11: =SUM(D11:H11) -> 2
B12: REQ003-3 | C12: 2 | D12: 1 | E12: 1 | F12: 0 | G12: 0 | H12: 0 | I12: =SUM(D12:H12) -> 2
B13: REQ004-1 | C13: 3 | D13: 1 | E13: 2 | F13: 0 | G13: 0 | H13: 0 | I13: =SUM(D13:H13) -> 3
B14: REQ004-2 | C14: 1 | D14: 1 | E14: 0 | F14: 0 | G14: 0 | H14: 0 | I14: =SUM(D14:H14) -> 1
B15: REQ004-3 | C15: 3 | D15: 1 | E15: 2 | F15: 0 | G15: 0 | H15: 0 | I15: =SUM(D15:H15) -> 3
... B18: REQ005-3 | C18: 3 | D18: 2 | E18: 1 | F18: 0 | G18: 0 | H18: 0 | I18: =SUM(D18:H18) -> 3
B25: Horas Estimadas | C25: =SUM(C4:C20) -> 34 | D25: =C25-SUM(D4:D20) -> 26 | E25: =D25-SUM(E4:E20) -> 15 | F25: =E25-SUM(F4:F20) -> 9 | G25: =F25-SUM(G4:G20) -> 5 | H25: =G25-SUM(H4:H20) -> 0
B26: Horas Estimadas Restantes | C26: =SUM(C4:C20) -> 34 | D26: =C26-(SUM(C4:C20)/5) -> 27.2 | E26: =D26-(SUM(C4:C20)/5) -> 20.4 | F26: =E26-(SUM(C4:C20)/5) -> 13.6 | G26: =F26-(SUM(C4:C20)/5) -> 6.8 | H26: =G26-(SUM(C4:C20)/5) -> 0
